2022-10-24-2332,192.168.3.0/24,C,0:0:29.
2022-10-24-2334,192.168.3.0/24,C,0:0:1.
2022-10-25-1036,192.168.3.0/24,C,0:0:28.
2022-10-25-1043,192.168.3.0/24,C,0:0:26.
2022-10-25-1057,192.168.3.0/24,C,0:0:29.
2022-10-25-1057,192.168.3.0/24,C,0:0:29.
2022-10-25-1058,192.168.3.0/24,C,0:0:29.
2022-10-25-1058,192.168.3.0/24,C,0:0:29.
2022-10-25-1221,192.168.3.0/24,C,1:22:5.
2022-10-25-1221,192.168.3.0/24,C,0:0:28.
2022-10-25-1222,192.168.3.0/24,C,0:0:26.
2022-10-25-1222,192.168.3.0/24,C,0:0:29.
2022-10-25-1223,192.168.3.0/24,C,0:0:29.
2022-10-25-1223,192.168.3.0/24,C,0:0:29.
2022-10-25-1224,192.168.3.0/24,C,0:0:29.
2022-10-25-1224,192.168.3.0/24,C,0:0:29.
2022-10-25-1225,192.168.3.0/24,C,0:0:29.
2022-10-25-1225,192.168.3.0/24,C,0:0:29.
2022-10-25-1226,192.168.3.0/24,C,0:0:29.
2022-10-25-1226,192.168.3.0/24,C,0:0:29.
2022-10-25-1227,192.168.3.0/24,C,0:0:29.
2022-10-25-1227,192.168.3.0/24,C,0:0:29.
2022-10-25-1228,192.168.3.0/24,C,0:0:29.
2022-10-25-1228,192.168.3.0/24,C,0:0:28.
2022-10-25-1228,192.168.3.0/24,C,0:0:29.
2022-10-25-1229,192.168.3.0/24,C,0:0:29.
2022-10-25-1229,192.168.3.0/24,C,0:0:29.
2022-10-25-1230,192.168.3.0/24,C,0:0:29.
2022-10-25-1230,192.168.3.0/24,C,0:0:29.
2022-10-25-1231,192.168.3.0/24,C,0:0:29.
2022-10-25-1231,192.168.3.0/24,C,0:0:29.
2022-10-25-1434,192.168.3.0/24,C,2:2:31.
2022-10-25-1435,192.168.3.0/24,C,0:0:28.
2022-10-25-1435,192.168.3.0/24,C,0:0:29.
2022-10-25-1436,192.168.3.0/24,C,0:0:29.
2022-10-25-1436,192.168.3.0/24,C,0:0:29.
2022-10-25-1437,192.168.3.0/24,C,0:0:29.
2022-10-25-1438,192.168.3.0/24,C,0:0:29.
2022-10-25-1438,192.168.3.0/24,C,0:0:26.
2022-10-25-1439,192.168.3.0/24,C,0:0:29.
2022-10-25-1439,192.168.3.0/24,C,0:0:29.
2022-10-25-1440,192.168.3.0/24,C,0:0:29.
2022-10-25-1448,192.168.3.0/24,C,0:7:32.
2022-10-25-1448,192.168.3.0/24,C,0:0:29.
2022-10-25-1449,192.168.3.0/24,C,0:0:26.
2022-10-25-1449,192.168.3.0/24,C,0:0:29.
2022-10-25-1450,192.168.3.0/24,C,0:0:29.
2022-10-25-1450,192.168.3.0/24,C,0:0:29.
2022-10-25-1451,192.168.3.0/24,C,0:0:29.
2022-10-25-1452,192.168.3.0/24,C,0:0:29.
2022-10-25-1452,192.168.3.0/24,C,0:0:29.
2022-10-25-1453,192.168.3.0/24,C,0:0:29.
2022-10-25-1511,192.168.3.0/24,C,0:18:18.
2022-10-25-1512,192.168.3.0/24,C,0:0:29.
